{"cameraMode":{"drawMode":0,"name":"Shaded","section":"Shading Mode"},"sceneLighting":true,"audioPlay":false,"sceneViewState":{"showFog":true,"showMaterialUpdate":true,"showSkybox":true,"showFlares":true,"showImageEffects":true,"showParticleSystems":true},"in2DMode":false,"pivot":{"x":1231.1534423828125,"y":278.14715576171877,"z":87.98175048828125},"rotation":{"x":-0.03425516188144684,"y":-0.07351814210414887,"z":0.0018404735019430519,"w":-0.9968876838684082},"size":853.49951171875,"orthographic":false}