{"cameraMode":{"drawMode":0,"name":"Shaded","section":"Shading Mode"},"sceneLighting":true,"audioPlay":false,"sceneViewState":{"showFog":true,"showMaterialUpdate":true,"showSkybox":true,"showFlares":true,"showImageEffects":true,"showParticleSystems":true},"in2DMode":false,"pivot":{"x":270.0764465332031,"y":107.47683715820313,"z":324.286865234375},"rotation":{"x":-0.06866233795881272,"y":0.04325401782989502,"z":-0.0036619273014366628,"w":-0.9968796968460083},"size":1338.6439208984375,"orthographic":false}