{"cameraMode":{"drawMode":0,"name":"Shaded","section":"Shading Mode"},"sceneLighting":true,"audioPlay":false,"sceneViewState":{"showFog":true,"showMaterialUpdate":true,"showSkybox":true,"showFlares":true,"showImageEffects":true,"showParticleSystems":true},"in2DMode":false,"pivot":{"x":-779.4904174804688,"y":-223.8394012451172,"z":13.431533813476563},"rotation":{"x":-0.1108231469988823,"y":-0.16536951065063477,"z":0.016868136823177339,"w":-0.9800548553466797},"size":35.66083526611328,"orthographic":false}