{"cameraMode":{"drawMode":0,"name":"Shaded","section":"Shading Mode"},"sceneLighting":true,"audioPlay":false,"sceneViewState":{"showFog":true,"showMaterialUpdate":true,"showSkybox":true,"showFlares":true,"showImageEffects":true,"showParticleSystems":true},"in2DMode":false,"pivot":{"x":0.3822765350341797,"y":3.2817864418029787,"z":48.16807556152344},"rotation":{"x":0.1279820203781128,"y":0.7384026050567627,"z":-0.1452680379152298,"w":0.6462406516075134},"size":6.94693660736084,"orthographic":false}