{"cameraMode":{"drawMode":0,"name":"Shaded","section":"Shading Mode"},"sceneLighting":true,"audioPlay":false,"sceneViewState":{"showFog":true,"showMaterialUpdate":false,"showSkybox":false,"showFlares":true,"showImageEffects":true,"showParticleSystems":true},"in2DMode":false,"pivot":{"x":0.0,"y":0.619999885559082,"z":1.6420001983642579},"rotation":{"x":0.10401144623756409,"y":0.6744516491889954,"z":-0.09643303602933884,"w":0.7247503399848938},"size":40.98515319824219,"orthographic":false}