{"cameraMode":{"drawMode":0,"name":"Shaded","section":"Shading Mode"},"sceneLighting":false,"audioPlay":false,"sceneViewState":{"showFog":true,"showMaterialUpdate":false,"showSkybox":false,"showFlares":true,"showImageEffects":true,"showParticleSystems":true},"in2DMode":false,"pivot":{"x":-0.07804751396179199,"y":0.041197776794433597,"z":0.6849455833435059},"rotation":{"x":0.05173544958233833,"y":0.9146088361740112,"z":-0.12403683364391327,"w":0.3814207911491394},"size":22.0,"orthographic":false}