{"cameraMode":{"drawMode":0,"name":"Shaded","section":"Shading Mode"},"sceneLighting":false,"audioPlay":false,"sceneViewState":{"showFog":true,"showMaterialUpdate":false,"showSkybox":false,"showFlares":true,"showImageEffects":true,"showParticleSystems":true},"in2DMode":false,"pivot":{"x":34.955322265625,"y":0.9775214791297913,"z":49.18695068359375},"rotation":{"x":0.05173544958233833,"y":0.9146088361740112,"z":-0.12403683364391327,"w":0.3814207911491394},"size":402.0328369140625,"orthographic":false}