{"cameraMode":{"drawMode":0,"name":"Shaded","section":"Shading Mode"},"sceneLighting":true,"audioPlay":false,"sceneViewState":{"showFog":true,"showMaterialUpdate":true,"showSkybox":true,"showFlares":true,"showImageEffects":true,"showParticleSystems":true},"in2DMode":false,"pivot":{"x":4.315680980682373,"y":134.16464233398438,"z":181.90869140625},"rotation":{"x":0.0005991366342641413,"y":0.9894239902496338,"z":-0.1463085412979126,"w":-0.006918552331626415},"size":76.49089813232422,"orthographic":false}