{"cameraMode":{"drawMode":0,"name":"Shaded","section":"Shading Mode"},"sceneLighting":true,"audioPlay":false,"sceneViewState":{"showFog":true,"showMaterialUpdate":true,"showSkybox":true,"showFlares":true,"showImageEffects":true,"showParticleSystems":true},"in2DMode":false,"pivot":{"x":990.0001220703125,"y":509.99993896484377,"z":23.929420471191408},"rotation":{"x":-0.3886914551258087,"y":-0.21302169561386109,"z":0.09193357825279236,"w":-0.8918849229812622},"size":3771.28857421875,"orthographic":false}